Factor,df,Sum of Squares,R2,F-Model,p-value
no3,1,0.08979182538677333,0.02782416281949277,0.8727080727463352,0.56
po4,1,0.1272337734920015,0.039426453516573604,1.2366152572815907,0.227
Turbidity,1,0.1573807695339493,0.048768227367106336,1.5296210704670654,0.128
chla_tot,1,0.205394695834745,0.06364650049767191,1.9962798214887854,0.04
pa,1,0.20097468598139234,0.06227685383670134,1.9533206961561196,0.047
temperature,1,0.2109607194818215,0.06537126717377309,2.0503773270131154,0.035
Salinity,1,0.10009568338743602,0.031017061743692648,0.9728537153911593,0.448
Residual,14,1.4404422219435755,0.4463557650464447,NA,NA
Total,21,3.2271168756915083,1,NA,NA
